Model,VQAv2,SQA,MME,MM-Bench,GQA,MMMU,TextVQA,OCRBench,OCRBenchv2,DocVQA,ChartQAPro,POPE,LLaVA-Wild,MM-Vet,TFLOPs
LLaVA-1.5-7B,76.75,68.42,1425.34,74.43,58.34,34.9,58.16,18.5,23.8,25.61,12.04,85.18,57.4,29.0,8.89
fixed pooling-4x,74.06,67.82,1335.40,71.72,55.67,34.3,55.74,15.7,20.9,18.78,11.10,83.75,64.1,29.9,3.16
PruMerge-4x,74.01,68.07,1408.83,73.66,55.04,34.6,54.69,14.9,20.3,16.37,10.93,81.36,61.7,27.0,3.18
PruneSID-4x,73.44,67.33,1290.23,72.74,54.86,33.1,53.03,14.5,19.4,13.40,10.38,79.92,59.9,27.6,3.16
Perceiver-4x,71.05,67.97,1306.41,71.56,52.50,33.2,53.10,13.4,19.1,13.83,10.18,81.50,60.5,23.5,3.17
SparseVLM-4x,72.79,68.67,1350.62,73.98,54.25,33.7,55.10,15.2,21.3,17.33,11.46,80.80,56.1,28.5,3.74
fixed pooling(2D)-4x,73.93,67.28,1333.49,72.15,56.52,32.6, 53.37,15.7,21.9,18.60,10.67,84.19,68.6,31.1,3.16
VLVLM-4x,73.93,68.72,1363.67,73.27,55.38,35.6,55.84,16.5,20.9,20.39,10.91,83.28,60.6,29.1,3.18
fixed pooling-8x,72.13,69.11,1280.78,71.65,53.78,34.0,54.05,14.3,19.5,16.00,10.81,82.15,50.7,25.8,2.21
PruMerge-8x,70.67,68.07,1311.21,72.33,52.01,34.3,54.46,14.6,18.4,14.28,10.48,77.53,58.8,25.3,2.22
PruneSID-8x,72.37,68.67,1280.62,73.02,54.10,33.8,53.14,13.3,18.6,12.78,10.62,79.33,57.6,26.7,2.21
Perceiver-8x,70.64,69.21,1379.20,72.52,52.61,33.4,52.78,13.2,19.0,14.24,9.98,79.69,61.0,24.1,2.21
SparseVLM-8x,68.19,67.43,1248.54,70.80,51.14,34.0,52.93,11.0,18.2,11.62,10.98,76.53,50.2,26.0,2.87
VLVLM-8x,72.11,69.36,1352.07,71.35,53.66,33.9,55.05,15.6,20.1,17.59,10.94,83.16,60.0,27.2,2.23
fixed pooling-10x,71.49,68.02,1359.05,72.17,53.02,34.3,53.40,13.9,19.1,15.32,11.25,82.14,57.1,26.1,2.01
PruMerge-10x,69.15,68.17,1258.86,71.40,50.90,33.6,54.01,13.7,17.9,13.76,10.09,76.40,52.5,26.7,2.02
PruneSID-10x,71.67,68.67,1297.33,73.13,53.17,33.9,52.59,13.1,18.6,12.33,10.42,78.76,55.8,25.8,2.02
Perceiver-10x,70.70,68.77,1325.25,71.33,52.36,33.6,52.47,13.6,19.2,13.81,10.32,79.63,59.6,24.5,2.01
SparseVLM-10x,66.55,68.27,1214.72,69.66,50.57,34.7,52.15,10.5,17.0,10.33,11.19,74.28,45.7,24.3,2.70
VLVLM-10x,70.86,69.46,1309.44,70.80,52.76,34.4,53.87,14.6,19.8,16.60,10.65,81.97,55.2,27.1,2.04